Workbook

Sheet 成本计算器
A1: 仿真人短剧 · 成本计算器
A2: 竖屏 9:16 ｜ 黄色格子可改，绿色格子自动计算 ｜ 单价请以火山方舟控制台为准
A4: 【1】项目规模
A5: 单集时长（秒） | B5: 80
A6: 平均单镜时长（秒） | B6: 4
A7: 镜头数（自动） | B7: =B5/B6 -> 20
A8: 集数 | B8: 80
A10: 【2】视频生成策略
A11: 视频模型 | B11: 旗舰 Seedance 2.5
A12: 成片单价（元/秒） | B12: =IFERROR(VLOOKUP($B$11,模型与单价!$A$4:$E$7,5,FALSE()),"") -> 1.45
A13: 使用 Draft 样片模式 | B13: 是
A14: Draft 单价（元/秒·480P） | B14: 0.26
A15: 每镜抽卡次数 | B15: 3
A17: 【3】图片与其他
A18: 图片张数（每集） | B18: 50
A19: 图片单价（元/张） | B19: 0.2
A20: 图片模型 | B20: doubao-seedream-4-0-250828
A21: 单独 TTS 配音（元/集） | B21: 0
A22: 我的 token 成本（元/集） | B22: 8
A24: 【4】测算结果
A25: 样片生成时长（秒） | B25: =IF(B13="是",B7*B15*B6,0) -> 240
A26: 成片生成时长（秒） | B26: =IF(B13="是",B7*B6,B7*B15*B6) -> 80
A27: 视频成本（元） | B27: =B25*B14+B26*B12 -> 178.4
A28: 图片成本（元） | B28: =B18*B19 -> 10
A29: 配音成本（元） | B29: =B21 -> 0
A30: token 成本（元） | B30: =B22 -> 8
A31: 单集合计（元） | B31: =SUM(B27:B30) -> 196.4
A32: 单集每分钟成本（元） | B32: =B31/(B5/60) -> 147.3
A33: 整部剧合计（元） | B33: =B31*B8 -> 15712
A34: 整部剧总时长（分钟） | B34: =B5*B8/60 -> 106.66667

Sheet 分镜明细
A1: 分镜成本明细（可逐个镜头选择策略与抽卡次数）
A2: 镜号 | B2: 时长(秒) | C2: 画面描述 | D2: 策略 | E2: 抽卡次数 | F2: 样片成本(元) | G2: 成片成本(元) | H2: 小计(元)
A3: S01 | B3: 4 | D3: Draft | E3: =成本计算器!$B$15 -> 3 | F3: =IF($D3="Draft",$B3*$E3*成本计算器!$B$14,0) -> 3.12 | G3: =IF($D3="Draft",$B3*成本计算器!$B$12,$B3*$E3*成本计算器!$B$12) -> 5.8 | H3: =F3+G3 -> 8.92
A4: S02 | B4: 4 | D4: Draft | E4: =成本计算器!$B$15 -> 3 | F4: =IF($D4="Draft",$B4*$E4*成本计算器!$B$14,0) -> 3.12 | G4: =IF($D4="Draft",$B4*成本计算器!$B$12,$B4*$E4*成本计算器!$B$12) -> 5.8 | H4: =F4+G4 -> 8.92
A5: S03 | B5: 4 | D5: Draft | E5: =成本计算器!$B$15 -> 3 | F5: =IF($D5="Draft",$B5*$E5*成本计算器!$B$14,0) -> 3.12 | G5: =IF($D5="Draft",$B5*成本计算器!$B$12,$B5*$E5*成本计算器!$B$12) -> 5.8 | H5: =F5+G5 -> 8.92
A6: S04 | B6: 4 | D6: Draft | E6: =成本计算器!$B$15 -> 3 | F6: =IF($D6="Draft",$B6*$E6*成本计算器!$B$14,0) -> 3.12 | G6: =IF($D6="Draft",$B6*成本计算器!$B$12,$B6*$E6*成本计算器!$B$12) -> 5.8 | H6: =F6+G6 -> 8.92
A7: S05 | B7: 4 | D7: Draft | E7: =成本计算器!$B$15 -> 3 | F7: =IF($D7="Draft",$B7*$E7*成本计算器!$B$14,0) -> 3.12 | G7: =IF($D7="Draft",$B7*成本计算器!$B$12,$B7*$E7*成本计算器!$B$12) -> 5.8 | H7: =F7+G7 -> 8.92
A8: S06 | B8: 4 | D8: Draft | E8: =成本计算器!$B$15 -> 3 | F8: =IF($D8="Draft",$B8*$E8*成本计算器!$B$14,0) -> 3.12 | G8: =IF($D8="Draft",$B8*成本计算器!$B$12,$B8*$E8*成本计算器!$B$12) -> 5.8 | H8: =F8+G8 -> 8.92
A9: S07 | B9: 4 | D9: Draft | E9: =成本计算器!$B$15 -> 3 | F9: =IF($D9="Draft",$B9*$E9*成本计算器!$B$14,0) -> 3.12 | G9: =IF($D9="Draft",$B9*成本计算器!$B$12,$B9*$E9*成本计算器!$B$12) -> 5.8 | H9: =F9+G9 -> 8.92
A10: S08 | B10: 4 | D10: Draft | E10: =成本计算器!$B$15 -> 3 | F10: =IF($D10="Draft",$B10*$E10*成本计算器!$B$14,0) -> 3.12 | G10: =IF($D10="Draft",$B10*成本计算器!$B$12,$B10*$E10*成本计算器!$B$12) -> 5.8 | H10: =F10+G10 -> 8.92
A11: S09 | B11: 4 | D11: Draft | E11: =成本计算器!$B$15 -> 3 | F11: =IF($D11="Draft",$B11*$E11*成本计算器!$B$14,0) -> 3.12 | G11: =IF($D11="Draft",$B11*成本计算器!$B$12,$B11*$E11*成本计算器!$B$12) -> 5.8 | H11: =F11+G11 -> 8.92
A12: S10 | B12: 4 | D12: Draft | E12: =成本计算器!$B$15 -> 3 | F12: =IF($D12="Draft",$B12*$E12*成本计算器!$B$14,0) -> 3.12 | G12: =IF($D12="Draft",$B12*成本计算器!$B$12,$B12*$E12*成本计算器!$B$12) -> 5.8 | H12: =F12+G12 -> 8.92
A13: S11 | B13: 4 | D13: Draft | E13: =成本计算器!$B$15 -> 3 | F13: =IF($D13="Draft",$B13*$E13*成本计算器!$B$14,0) -> 3.12 | G13: =IF($D13="Draft",$B13*成本计算器!$B$12,$B13*$E13*成本计算器!$B$12) -> 5.8 | H13: =F13+G13 -> 8.92
A14: S12 | B14: 4 | D14: Draft | E14: =成本计算器!$B$15 -> 3 | F14: =IF($D14="Draft",$B14*$E14*成本计算器!$B$14,0) -> 3.12 | G14: =IF($D14="Draft",$B14*成本计算器!$B$12,$B14*$E14*成本计算器!$B$12) -> 5.8 | H14: =F14+G14 -> 8.92
... A22: S20 | B22: 4 | D22: Draft | E22: =成本计算器!$B$15 -> 3 | F22: =IF($D22="Draft",$B22*$E22*成本计算器!$B$14,0) -> 3.12 | G22: =IF($D22="Draft",$B22*成本计算器!$B$12,$B22*$E22*成本计算器!$B$12) -> 5.8 | H22: =F22+G22 -> 8.92
A23: 合计 | F23: =SUM(F3:F22) -> 62.4 | G23: =SUM(G3:G22) -> 116 | H23: =SUM(H3:H22) -> 178.4

Sheet 模型与单价
A1: 模型 ID 与单价（火山方舟 / Ark）
A3: 档位 | B3: 模型 ID | C3: 分辨率 | D3: 单次时长 | E3: 单价 | F3: 计费单位 | G3: 来源 / 置信度
A4: 旗舰 Seedance 2.5 | B4: doubao-seedance-2-5-260628 | C4: 480p / 720p / 1080p / 4k | D4: 4-15s | E4: 1.45 | F4: 元/秒 | G4: 你提供（1080P）· 高
A5: 标准 Seedance 2.0 pro | B5: doubao-seedance-2-0-260128 | C5: 480p / 720p / 1080p / 4k | D5: 4-15s | E5: 1 | F5: 元/秒 | G5: 你提供 · 高
A6: Seedance 2.5 Draft 样片 | B6: doubao-seedance-2-5-260628（draft=true） | C6: 480p | D6: 4-15s | E6: 0.26 | F6: 元/秒 | G6: 由官方省费数据反推 · 中
A7: 快速 Seedance 2.0 fast | B7: doubao-seedance-2-0-fast-260128 | C7: 480p / 720p（不支持 1080p） | D7: 4-15s | F7: 元/秒 | G7: 官方 SDK 文档 · 价格待填
A8: 便宜 Seedance 2.0 mini | B8: doubao-seedance-2-0-mini-260615 | C8: 480p / 720p（不支持 1080p） | D8: 4-15s | F8: 元/秒 | G8: 第三方网关 · 价格待填
A9: 图片 Seedream 4.0 | B9: doubao-seedream-4-0-250828 | C9: 2K / 4K | D9: — | E9: 0.2 | F9: 元/张 | G9: 估算，需核对 · 低
A10: 图片 Seedream 5.0 pro | B10: （ID 待确认，控制台查询） | C10: — | D10: — | F10: 元/张 | G10: 已上线但 ID 未核实
A13: 说明：
A14: 1) 「Draft 样片」单价 0.26 元/秒 是反推值，不是官方公布价。官方口径：Seedance 2.5 生成 5 秒 1080P 镜头、
A15: 不含输入视频、抽卡 4 次命中时，Draft 模式省 57%；抽卡 20 抽 1 时省 77%。用你给的 1.45 元/秒代入这两个
A16: 数据点，反解出的 480P 样片单价一致落在 0.26 元/秒，故取该值。若 1.45 不是 1080P 单价，此值需重算。
A17: 2) fast / mini 传 1080p 或 4k 会返回 400，只能出 480p/720p。要求 1080P 时只能选 2.5 或 2.0 pro。
A18: 3) Seedance 2.0 / 2.5 原生支持音频生成与唇形同步（generate_audio 默认 true），
A19: 故「单独 TTS 配音」默认为 0；若改用外部 TTS + 参考音频，请自行填入。
A20: 4) 2.x 的 duration 支持 4-15 秒，4 秒镜头直接传 4，不必按 5 秒取整。

Sheet 抽卡敏感性
A1: 抽卡次数敏感性分析（整部单集，仅视频成本）
A2: 结论：抽卡 1 次命中时直出最省；抽卡 ≥2 次后 Draft 模式全面胜出，抽得越多省得越多。
A3: 每镜抽卡次数 | B3: 2.0 pro 直抽(元) | C3: 2.5 直抽(元) | D3: 2.5 + Draft(元) | E3: Draft 相对 2.5 直抽节省
A4: 1 | B4: =成本计算器!$B$7*$A4*成本计算器!$B$6*模型与单价!$E$5 -> 80 | C4: =成本计算器!$B$7*$A4*成本计算器!$B$6*模型与单价!$E$4 -> 116 | D4: =成本计算器!$B$7*成本计算器!$B$6*(模型与单价!$E$6*$A4+模型与单价!$E$4) -> 136.8 | E4: =IF(C4=0,"",(C4-D4)/C4) -> -0.17931034
A5: 2 | B5: =成本计算器!$B$7*$A5*成本计算器!$B$6*模型与单价!$E$5 -> 160 | C5: =成本计算器!$B$7*$A5*成本计算器!$B$6*模型与单价!$E$4 -> 232 | D5: =成本计算器!$B$7*成本计算器!$B$6*(模型与单价!$E$6*$A5+模型与单价!$E$4) -> 157.6 | E5: =IF(C5=0,"",(C5-D5)/C5) -> 0.32068966
A6: 3 | B6: =成本计算器!$B$7*$A6*成本计算器!$B$6*模型与单价!$E$5 -> 240 | C6: =成本计算器!$B$7*$A6*成本计算器!$B$6*模型与单价!$E$4 -> 348 | D6: =成本计算器!$B$7*成本计算器!$B$6*(模型与单价!$E$6*$A6+模型与单价!$E$4) -> 178.4 | E6: =IF(C6=0,"",(C6-D6)/C6) -> 0.48735632
A7: 4 | B7: =成本计算器!$B$7*$A7*成本计算器!$B$6*模型与单价!$E$5 -> 320 | C7: =成本计算器!$B$7*$A7*成本计算器!$B$6*模型与单价!$E$4 -> 464 | D7: =成本计算器!$B$7*成本计算器!$B$6*(模型与单价!$E$6*$A7+模型与单价!$E$4) -> 199.2 | E7: =IF(C7=0,"",(C7-D7)/C7) -> 0.57068966
A8: 5 | B8: =成本计算器!$B$7*$A8*成本计算器!$B$6*模型与单价!$E$5 -> 400 | C8: =成本计算器!$B$7*$A8*成本计算器!$B$6*模型与单价!$E$4 -> 580 | D8: =成本计算器!$B$7*成本计算器!$B$6*(模型与单价!$E$6*$A8+模型与单价!$E$4) -> 220 | E8: =IF(C8=0,"",(C8-D8)/C8) -> 0.62068966
A9: 6 | B9: =成本计算器!$B$7*$A9*成本计算器!$B$6*模型与单价!$E$5 -> 480 | C9: =成本计算器!$B$7*$A9*成本计算器!$B$6*模型与单价!$E$4 -> 696 | D9: =成本计算器!$B$7*成本计算器!$B$6*(模型与单价!$E$6*$A9+模型与单价!$E$4) -> 240.8 | E9: =IF(C9=0,"",(C9-D9)/C9) -> 0.65402299
A10: 7 | B10: =成本计算器!$B$7*$A10*成本计算器!$B$6*模型与单价!$E$5 -> 560 | C10: =成本计算器!$B$7*$A10*成本计算器!$B$6*模型与单价!$E$4 -> 812 | D10: =成本计算器!$B$7*成本计算器!$B$6*(模型与单价!$E$6*$A10+模型与单价!$E$4) -> 261.6 | E10: =IF(C10=0,"",(C10-D10)/C10) -> 0.67783251
A11: 8 | B11: =成本计算器!$B$7*$A11*成本计算器!$B$6*模型与单价!$E$5 -> 640 | C11: =成本计算器!$B$7*$A11*成本计算器!$B$6*模型与单价!$E$4 -> 928 | D11: =成本计算器!$B$7*成本计算器!$B$6*(模型与单价!$E$6*$A11+模型与单价!$E$4) -> 282.4 | E11: =IF(C11=0,"",(C11-D11)/C11) -> 0.69568966
